mean_fit_time,std_fit_time,mean_score_time,std_score_time,param_clf__colsample_bytree,param_clf__gamma,param_clf__learning_rate,param_clf__max_depth,param_clf__min_child_weight,param_clf__n_estimators,param_clf__reg_alpha,param_clf__reg_lambda,param_clf__subsample,params,split0_test_score,split1_test_score,split2_test_score,split3_test_score,split4_test_score,mean_test_score,std_test_score,rank_test_score,split0_train_score,split1_train_score,split2_train_score,split3_train_score,split4_train_score,mean_train_score,std_train_score
0.20820679664611816,0.008122690109910725,0.015383529663085937,0.0025962986220148805,0.6247240713084175,4.75357153204958,0.295477637306448,7,7,171,0.15599452033620265,0.05808361216819946,0.9330880728874675,"{'clf__colsample_bytree': 0.6247240713084175, 'clf__gamma': 4.75357153204958, 'clf__learning_rate': 0.295477637306448, 'clf__max_depth': 7, 'clf__min_child_weight': 7, 'clf__n_estimators': 171, 'clf__reg_alpha': 0.15599452033620265, 'clf__reg_lambda': 0.05808361216819946, 'clf__subsample': 0.9330880728874675}",0.8160968268961397,0.8112078818124797,0.7922312869873809,0.8305321226419771,0.8229909099019618,0.8146118056479879,0.012948710224506884,12,0.8480671370467117,0.8486977492982484,0.8500661657219732,0.8454389029038557,0.8449526909665741,0.8474445291874726,0.00195258668540647
0.6549888134002686,0.01648567121835168,0.023313379287719725,0.0002971603720076239,0.7606690070459252,3.540362888980227,0.018027952775362954,4,8,541,0.9385527090157502,0.0007787658410143283,0.9961057796456088,"{'clf__colsample_bytree': 0.7606690070459252, 'clf__gamma': 3.540362888980227, 'clf__learning_rate': 0.018027952775362954, 'clf__max_depth': 4, 'clf__min_child_weight': 8, 'clf__n_estimators': 541, 'clf__reg_alpha': 0.9385527090157502, 'clf__reg_lambda': 0.0007787658410143283, 'clf__subsample': 0.9961057796456088}",0.8189354892291978,0.8139151475484618,0.7983747856342748,0.835795854439477,0.8325890423180247,0.8199220638338872,0.013518662231374318,1,0.839440404818677,0.8401852584201297,0.8418169066975016,0.8363203183142875,0.8359255857935952,0.8387376948088383,0.0022725515990606716
1.1572774410247804,0.0198964900863649,0.04055619239807129,0.0027711121070361317,0.77048890577663,3.0582658024414044,0.01275585903568979,11,1,524,0.6118528947223795,0.13949386065204183,0.6460723242676091,"{'clf__colsample_bytree': 0.77048890577663, 'clf__gamma': 3.0582658024414044, 'clf__learning_rate': 0.01275585903568979, 'clf__max_depth': 11, 'clf__min_child_weight': 1, 'clf__n_estimators': 524, 'clf__reg_alpha': 0.6118528947223795, 'clf__reg_lambda': 0.13949386065204183, 'clf__subsample': 0.6460723242676091}",0.8119491569544747,0.8133722068926192,0.794625244104323,0.8284603336670665,0.8282595981324162,0.8153333079501799,0.012518227395370046,10,0.9065914702993403,0.9052526391300866,0.9076284073565254,0.9054892917184869,0.904296573634966,0.905851676427881,0.0011500070280945167
0.35294666290283205,0.010537712472546997,0.01665487289428711,0.0003360983453895024,0.619817105976215,2.28034992108518,0.31621862494327535,5,7,293,0.5924145688620425,0.046450412719997725,0.8037724259507192,"{'clf__colsample_bytree': 0.619817105976215, 'clf__gamma': 2.28034992108518, 'clf__learning_rate': 0.31621862494327535, 'clf__max_depth': 5, 'clf__min_child_weight': 7, 'clf__n_estimators': 293, 'clf__reg_alpha': 0.5924145688620425, 'clf__reg_lambda': 0.046450412719997725, 'clf__subsample': 0.8037724259507192}",0.7869466157938708,0.7946122436836665,0.7800632440844972,0.8037549936062015,0.807861398308865,0.7946476990954202,0.010291345191749832,33,0.9149867766605619,0.9158980740999602,0.914562330247975,0.9148084183991211,0.9114846404432901,0.9143480479701817,0.0015011672681209231
0.6404118537902832,0.025822921161726114,0.029299354553222655,0.0008605916634212872,0.502314474212375,0.3252579649263976,0.3800653595288,4,9,395,0.09767211400638387,0.6842330265121569,0.7200762468698007,"{'clf__colsample_bytree': 0.502314474212375, 'clf__gamma': 0.3252579649263976, 'clf__learning_rate': 0.3800653595288, 'clf__max_depth': 4, 'clf__min_child_weight': 9, 'clf__n_estimators': 395, 'clf__reg_alpha': 0.09767211400638387, 'clf__reg_lambda': 0.6842330265121569, 'clf__subsample': 0.7200762468698007}",0.7512513666485685,0.7679312969339968,0.7290689836338584,0.7423398328690807,0.7754636743028778,0.7532110308776764,0.016832872882153512,50,0.9964610740607697,0.9958713563399147,0.9956940382995889,0.9951948906615705,0.9949191356039438,0.9956280989931574,0.0005380832905692596
0.6116612911224365,0.03320721872717528,0.023238563537597658,0.001712066107524086,0.47322294090686734,2.475884550556351,0.023411523234935176,3,4,437,0.31171107608941095,0.5200680211778108,0.7733551396716398,"{'clf__colsample_bytree': 0.47322294090686734, 'clf__gamma': 2.475884550556351, 'clf__learning_rate': 0.023411523234935176, 'clf__max_depth': 3, 'clf__min_child_weight': 4, 'clf__n_estimators': 437, 'clf__reg_alpha': 0.31171107608941095, 'clf__reg_lambda': 0.5200680211778108, 'clf__subsample': 0.7733551396716398}",0.8168182685895196,0.8134069154276958,0.797571843495673,0.8343659235321524,0.8292360154244194,0.8182797932938921,0.012911255302422368,3,0.8487684627575524,0.8483158346565967,0.8496839041463026,0.8444744573357352,0.8456530778292314,0.8473791473450836,0.0019766650890629114
0.3544355869293213,0.013451746256652018,0.01653904914855957,0.0017317776966477615,0.5109126733153162,4.847923138822793,0.3123018011108347,4,4,319,0.7272719958564209,0.3265407688058354,0.7852219872026998,"{'clf__colsample_bytree': 0.5109126733153162, 'clf__gamma': 4.847923138822793, 'clf__learning_rate': 0.3123018011108347, 'clf__max_depth': 4, 'clf__min_child_weight': 4, 'clf__n_estimators': 319, 'clf__reg_alpha': 0.7272719958564209, 'clf__reg_lambda': 0.3265407688058354, 'clf__subsample': 0.7852219872026998}",0.8175285539680532,0.8089084413636488,0.7935100466895985,0.82822118577702,0.8247950514973383,0.8145926558591317,0.012451762172585756,13,0.842377375658553,0.8433078036833269,0.8457275162029334,0.8383090854784907,0.8415292229098541,0.8422502007866317,0.0024198602773904884
0.3501434326171875,0.010304466607877658,0.01788811683654785,0.0013526240345767256,0.7125005560154942,4.805860121746745,0.33936820098447906,4,5,266,0.28093450968738076,0.5426960831582485,0.5704621124873813,"{'clf__colsample_bytree': 0.7125005560154942, 'clf__gamma': 4.805860121746745, 'clf__learning_rate': 0.33936820098447906, 'clf__max_depth': 4, 'clf__min_child_weight': 5, 'clf__n_estimators': 266, 'clf__reg_alpha': 0.28093450968738076, 'clf__reg_lambda': 0.5426960831582485, 'clf__subsample': 0.5704621124873813}",0.7985640583202556,0.8030761678802258,0.7781029748510593,0.8165946331743971,0.8176900048573044,0.8028055678166485,0.014421972929412172,26,0.8652762216427798,0.8659355684982614,0.8622989234398615,0.8572783223681968,0.8604064381679701,0.8622390948234138,0.003189342571072646
0.7183843612670898,0.0017307023144110237,0.01992788314819336,0.0018344894779715858,0.8813181884524238,0.3727532183988541,0.39488590527420175,10,1,521,0.014079822715084456,0.19884240408880516,0.855670976374325,"{'clf__colsample_bytree': 0.8813181884524238, 'clf__gamma': 0.3727532183988541, 'clf__learning_rate': 0.39488590527420175, 'clf__max_depth': 10, 'clf__min_child_weight': 1, 'clf__n_estimators': 521, 'clf__reg_alpha': 0.014079822715084456, 'clf__reg_lambda': 0.19884240408880516, 'clf__subsample': 0.855670976374325}",0.7683341638589941,0.7690196574267589,0.756250061955412,0.7876961508341677,0.782707501065633,0.7728015070281933,0.011208826944628934,47,1.0,1.0,1.0,1.0,1.0,1.0,0.0
0.3714445114135742,0.006636383502898802,0.01885061264038086,0.001374788423260865,0.8741053243187233,3.029799873905057,0.3712573426202061,11,7,250,0.6232981268275579,0.3308980248526492,0.5317791751430119,"{'clf__colsample_bytree': 0.8741053243187233, 'clf__gamma': 3.029799873905057, 'clf__learning_rate': 0.3712573426202061, 'clf__max_depth': 11, 'clf__min_child_weight': 7, 'clf__n_estimators': 250, 'clf__reg_alpha': 0.6232981268275579, 'clf__reg_lambda': 0.3308980248526492, 'clf__subsample': 0.5317791751430119}",0.773797039361958,0.7826179656335919,0.7498636980937559,0.7715604833513418,0.7785118805697916,0.7712702134020878,0.011365924756007919,48,0.9462018507563396,0.9395543208711897,0.9396423301984012,0.9379712235654696,0.9381346626586133,0.9403008776100027,0.003030917053111655
0.6300753593444824,0.009186691009840252,0.01750326156616211,0.001256705800487836,0.5865893930293973,1.6259166101337352,0.294546409551845,10,6,596,0.4722149251619493,0.1195942459383017,0.8566223936114975,"{'clf__colsample_bytree': 0.5865893930293973, 'clf__gamma': 1.6259166101337352, 'clf__learning_rate': 0.294546409551845, 'clf__max_depth': 10, 'clf__min_child_weight': 6, 'clf__n_estimators': 596, 'clf__reg_alpha': 0.4722149251619493, 'clf__reg_lambda': 0.1195942459383017, 'clf__subsample': 0.8566223936114975}",0.7909281806033831,0.7877994540843268,0.7631841116585216,0.7895721607073822,0.7941519047571842,0.7851271623621596,0.011166865410233841,40,0.9712858433203507,0.9652771355735792,0.9657561792370694,0.9725194593217914,0.9683313906544443,0.968634001621447,0.002890364360211812
0.3807536125183105,0.009209128847261305,0.01820535659790039,0.002504553083798773,0.8564710291701385,2.8063859878474813,0.3106772001822788,9,9,256,0.42754101835854963,0.02541912674409519,0.5539457134966522,"{'clf__colsample_bytree': 0.8564710291701385, 'clf__gamma': 2.8063859878474813, 'clf__learning_rate': 0.3106772001822788, 'clf__max_depth': 9, 'clf__min_child_weight': 9, 'clf__n_estimators': 256, 'clf__reg_alpha': 0.42754101835854963, 'clf__reg_lambda': 0.02541912674409519, 'clf__subsample': 0.5539457134966522}",0.7757927801288679,0.7779769386576227,0.7594568740768644,0.7842365606320443,0.8006175715461097,0.7796161450083018,0.013312471431763218,44,0.945053396019692,0.9433688201819463,0.9459049134593875,0.9440866341833406,0.9410948467266637,0.9439017221142061,0.0016453482752229818
0.5071431159973144,0.012450733329937885,0.019124317169189452,0.0018490698050932122,0.4188575114120406,3.182052056318902,0.1325988326197674,6,5,456,0.6044173792778172,0.5398410913016731,0.6015306123673847,"{'clf__colsample_bytree': 0.4188575114120406, 'clf__gamma': 3.182052056318902, 'clf__learning_rate': 0.1325988326197674, 'clf__max_depth': 6, 'clf__min_child_weight': 5, 'clf__n_estimators': 456, 'clf__reg_alpha': 0.6044173792778172, 'clf__reg_lambda': 0.5398410913016731, 'clf__subsample': 0.6015306123673847}",0.8058478923242075,0.8077370283048104,0.7854868208447744,0.8221656638150656,0.8224457022769854,0.8087366215131686,0.013551201028428496,19,0.8817015718525424,0.8813758097388158,0.8796736609303418,0.879283266129657,0.8735677003453445,0.8791204017993403,0.002929655874341891
0.1426335334777832,0.005512696476413871,0.015823888778686523,0.002959112127353828,0.9657121423347886,2.99432733244268,0.2809661238854848,4,9,77,0.2184404372168336,0.4165099478703662,0.9416401294594341,"{'clf__colsample_bytree': 0.9657121423347886, 'clf__gamma': 2.99432733244268, 'clf__learning_rate': 0.2809661238854848, 'clf__max_depth': 4, 'clf__min_child_weight': 9, 'clf__n_estimators': 77, 'clf__reg_alpha': 0.2184404372168336, 'clf__reg_lambda': 0.4165099478703662, 'clf__subsample': 0.9416401294594341}",0.8137725946365397,0.8108211295644823,0.7975383875732313,0.83193727138453,0.8274405475867127,0.8163019861490992,0.012304795302109102,7,0.8549587174359873,0.8487858894041496,0.8557412202997862,0.8479367324946662,0.8479973831154869,0.8510839885500152,0.003504766610816771
0.592714262008667,0.01601642875593387,0.021336460113525392,0.0010078370503278542,0.5946070126031644,0.6104397735033668,0.14895615685002023,3,1,426,0.6476901205413623,0.0005203769953158188,0.6762844281670846,"{'clf__colsample_bytree': 0.5946070126031644, 'clf__gamma': 0.6104397735033668, 'clf__learning_rate': 0.14895615685002023, 'clf__max_depth': 3, 'clf__min_child_weight': 1, 'clf__n_estimators': 426, 'clf__reg_alpha': 0.6476901205413623, 'clf__reg_lambda': 0.0005203769953158188, 'clf__subsample': 0.6762844281670846}",0.7811924365143705,0.7852359808508053,0.7717983921331495,0.7958383310698955,0.8029594861170313,0.7874049253370504,0.010953811295742697,39,0.9521022809389198,0.9516064347544029,0.9526251261811767,0.9497645547547298,0.9481255162661403,0.9508447825790739,0.0016668737766183524
0.527874755859375,0.00947753925723806,0.02140960693359375,0.0009373369672177184,0.5828687548948175,0.8232792657147087,0.21829487355642238,7,1,283,0.33761517140362796,0.9429097039125192,0.6616014660103776,"{'clf__colsample_bytree': 0.5828687548948175, 'clf__gamma': 0.8232792657147087, 'clf__learning_rate': 0.21829487355642238, 'clf__max_depth': 7, 'clf__min_child_weight': 1, 'clf__n_estimators': 283, 'clf__reg_alpha': 0.33761517140362796, 'clf__reg_lambda': 0.9429097039125192, 'clf__subsample': 0.6616014660103776}",0.7723665518805829,0.7815345635029837,0.7633352828636287,0.7869006433449974,0.7984788707263157,0.7805231824637017,0.012050362276835576,43,0.9991551561729597,0.9993769780212035,0.9991008526098512,0.9991070493527192,0.9993555387417266,0.999219114979692,0.00012179294277643869
0.3793043613433838,0.011866887595975213,0.016811037063598634,0.001684039740858461,0.7112743730460196,3.515094794475889,0.15181554492792468,3,4,317,0.25178229582536416,0.49724850589238545,0.6504391549083848,"{'clf__colsample_bytree': 0.7112743730460196, 'clf__gamma': 3.515094794475889, 'clf__learning_rate': 0.15181554492792468, 'clf__max_depth': 3, 'clf__min_child_weight': 4, 'clf__n_estimators': 317, 'clf__reg_alpha': 0.25178229582536416, 'clf__reg_lambda': 0.49724850589238545, 'clf__subsample': 0.6504391549083848}",0.8049231577825211,0.8050471168363665,0.7885536137352671,0.8213255484293065,0.8215064582321394,0.8082711790031201,0.012296140698822337,20,0.8701296588977903,0.8709476269631893,0.8733839669193079,0.8638845150212145,0.862977002028194,0.8682645539659392,0.004099483693202442
0.45612587928771975,0.014752450506127354,0.02193427085876465,0.000638405678850876,0.5709042966264806,0.18443473677266398,0.24773009025215978,4,6,274,0.6343513447013638,0.6807054515547668,0.7654672916585682,"{'clf__colsample_bytree': 0.5709042966264806, 'clf__gamma': 0.18443473677266398, 'clf__learning_rate': 0.24773009025215978, 'clf__max_depth': 4, 'clf__min_child_weight': 6, 'clf__n_estimators': 274, 'clf__reg_alpha': 0.6343513447013638, 'clf__reg_lambda': 0.6807054515547668, 'clf__subsample': 0.7654672916585682}",0.771010439831515,0.7842095998849659,0.7635459312641877,0.7955198802525799,0.8089939432389298,0.7846559588944355,0.016385328575530524,41,0.9824828897438531,0.9809710313368283,0.980588702965947,0.9810889350339673,0.9819493527811911,0.9814161823723573,0.0006945657253577245
0.2605475425720215,0.005523505511031242,0.016762733459472656,0.0015750108975417212,0.6686698987438551,2.76446544535664,0.2411517223129635,9,8,172,0.24215993827742588,0.8031397563798959,0.7351503172230192,"{'clf__colsample_bytree': 0.6686698987438551, 'clf__gamma': 2.76446544535664, 'clf__learning_rate': 0.2411517223129635, 'clf__max_depth': 9, 'clf__min_child_weight': 8, 'clf__n_estimators': 172, 'clf__reg_alpha': 0.24215993827742588, 'clf__reg_lambda': 0.8031397563798959, 'clf__subsample': 0.7351503172230192}",0.796831110747498,0.7986781006497934,0.7846603356496398,0.8124634463069617,0.8152712655755907,0.8015808517858968,0.011163764272415336,28,0.9109301631397457,0.9041509652580825,0.9074312734740366,0.9041126852903577,0.9060485477623252,0.9065347269849096,0.0025262078606208553
0.22854528427124024,0.004352811859163832,0.015989255905151368,0.002087190300784682,0.9900538845369058,1.9941222122227653,0.32840843055555974,3,9,173,0.5081987767407187,0.6958128067908819,0.9291794024068599,"{'clf__colsample_bytree': 0.9900538845369058, 'clf__gamma': 1.9941222122227653, 'clf__learning_rate': 0.32840843055555974, 'clf__max_depth': 3, 'clf__min_child_weight': 9, 'clf__n_estimators': 173, 'clf__reg_alpha': 0.5081987767407187, 'clf__reg_lambda': 0.6958128067908819, 'clf__subsample': 0.9291794024068599}",0.8090584318188015,0.8076205067941957,0.7933043547219937,0.8203070014571913,0.8218360610236024,0.810425271163157,0.010302576877531637,17,0.871340927013951,0.864232636592767,0.8631482645092087,0.8615694118857247,0.862779480849276,0.8646141441701853,0.0034693037579433864
0.5914866924285889,0.050309762753531134,0.018576622009277344,0.0024867845826358733,0.5955753431211308,1.1012052378277415,0.28734831765082697,5,4,538,0.690937738102466,0.3867353463005374,0.9683649943683672,"{'clf__colsample_bytree': 0.5955753431211308, 'clf__gamma': 1.1012052378277415, 'clf__learning_rate': 0.28734831765082697, 'clf__max_depth': 5, 'clf__min_child_weight': 4, 'clf__n_estimators': 538, 'clf__reg_alpha': 0.690937738102466, 'clf__reg_lambda': 0.3867353463005374, 'clf__subsample': 0.9683649943683672}",0.7990946030707136,0.7981549934425661,0.772403076953578,0.8115861576740452,0.8153133952557025,0.799310445279321,0.015047761626021497,29,0.9306298640675094,0.9334211481418315,0.9407005789616861,0.9223428831337672,0.9258604642227953,0.9305909877055181,0.006334417673010106
0.6004623413085938,0.05772492006021105,0.02456502914428711,0.0009934779851410575,0.482512566487596,1.7053317552512925,0.05425467328382974,9,3,312,0.659984046034179,0.8172222002012158,0.7776004057997312,"{'clf__colsample_bytree': 0.482512566487596, 'clf__gamma': 1.7053317552512925, 'clf__learning_rate': 0.05425467328382974, 'clf__max_depth': 9, 'clf__min_child_weight': 3, 'clf__n_estimators': 312, 'clf__reg_alpha': 0.659984046034179, 'clf__reg_lambda': 0.8172222002012158, 'clf__subsample': 0.7776004057997312}",0.8082254269769611,0.8071494623895835,0.783872262809901,0.8216278908395207,0.8264752822688568,0.8094700650569646,0.01482681314883578,18,0.9425283136536149,0.9443397554785891,0.9410905090066558,0.9436543339090107,0.9400015863661743,0.9423228996828088,0.001599368724949327
0.5608593940734863,0.03543453581369242,0.026892471313476562,0.0028685486813150754,0.7177903470136039,1.2092614545022584,0.0463100794443007,7,5,209,0.6331014572732679,0.3390297910487007,0.6746047873063304,"{'clf__colsample_bytree': 0.7177903470136039, 'clf__gamma': 1.2092614545022584, 'clf__learning_rate': 0.0463100794443007, 'clf__max_depth': 7, 'clf__min_child_weight': 5, 'clf__n_estimators': 209, 'clf__reg_alpha': 0.6331014572732679, 'clf__reg_lambda': 0.3390297910487007, 'clf__subsample': 0.6746047873063304}",0.8049107618771368,0.8049405120500596,0.78159973830034,0.8152266576790016,0.8196676216060825,0.805269058302524,0.013167729028828394,22,0.9532917851097746,0.9501199805255288,0.950627761036244,0.9527455753706737,0.9517769470011173,0.9517124098086678,0.0012065087194703173
0.5233349800109863,0.009499145632195843,0.017608165740966797,0.0026486587125407264,0.8355734073221437,4.485551299762886,0.3559637054633958,10,1,469,0.8985541885270792,0.6064290596595899,0.5045985258083148,"{'clf__colsample_bytree': 0.8355734073221437, 'clf__gamma': 4.485551299762886, 'clf__learning_rate': 0.3559637054633958, 'clf__max_depth': 10, 'clf__min_child_weight': 1, 'clf__n_estimators': 469, 'clf__reg_alpha': 0.8985541885270792, 'clf__reg_lambda': 0.6064290596595899, 'clf__subsample': 0.5045985258083148}",0.7890811907010875,0.7963823789725779,0.7650725126141219,0.8022135429574044,0.8003994884961191,0.7906298227482622,0.013552086247752546,37,0.888688340458121,0.887411315795466,0.8916936379899998,0.8872185052092918,0.8844792350244863,0.887898206895473,0.0023417102391280298
0.3601218700408936,0.006629217283811701,0.02023324966430664,0.0011390862113022254,0.4608829257196193,3.317508845540279,0.011974017700025288,4,2,212,0.6519612595026005,0.22426930946055978,0.8560896106737679,"{'clf__colsample_bytree': 0.4608829257196193, 'clf__gamma': 3.317508845540279, 'clf__learning_rate': 0.011974017700025288, 'clf__max_depth': 4, 'clf__min_child_weight': 2, 'clf__n_estimators': 212, 'clf__reg_alpha': 0.6519612595026005, 'clf__reg_lambda': 0.22426930946055978, 'clf__subsample': 0.8560896106737679}",0.818556174524431,0.814041585783384,0.7980972253888321,0.83303016485096,0.8297688319670099,0.8186987965029233,0.01244241527186054,2,0.8396643178645125,0.8407642877977382,0.8442978501639966,0.8363395282171786,0.8374698141163042,0.839707159631946,0.002776344763861213
0.4363693714141846,0.010480908210074507,0.021707439422607423,0.0014497646625085414,0.5423494524980801,1.6269984907963386,0.30113164799602943,10,7,244,0.6576128923003434,0.5683086033354716,0.5468373839140462,"{'clf__colsample_bytree': 0.5423494524980801, 'clf__gamma': 1.6269984907963386, 'clf__learning_rate': 0.30113164799602943, 'clf__max_depth': 10, 'clf__min_child_weight': 7, 'clf__n_estimators': 244, 'clf__reg_alpha': 0.6576128923003434, 'clf__reg_lambda': 0.5683086033354716, 'clf__subsample': 0.5468373839140462}",0.7640042741081766,0.7748754831304124,0.7440869754854825,0.7751315932949375,0.7887915225170749,0.7693779697072168,0.014891097098894225,49,0.9775385241194856,0.9774742391564822,0.9738368868555309,0.9760577994994271,0.9749851433089739,0.9759785185879799,0.0014318144895664278
0.653585958480835,0.0104047648913318,0.027811098098754882,0.004299551271814856,0.6206294818356601,1.3260118384086272,0.10515596091784259,8,6,414,0.4867421529594551,0.906098787718554,0.7171971827552144,"{'clf__colsample_bytree': 0.6206294818356601, 'clf__gamma': 1.3260118384086272, 'clf__learning_rate': 0.10515596091784259, 'clf__max_depth': 8, 'clf__min_child_weight': 6, 'clf__n_estimators': 414, 'clf__reg_alpha': 0.4867421529594551, 'clf__reg_lambda': 0.906098787718554, 'clf__subsample': 0.7171971827552144}",0.7924231267927578,0.7959113345679656,0.7716943070411086,0.8069246324804964,0.8133209092080611,0.7960548620180778,0.014303251624257336,31,0.9810971228064305,0.978903224177466,0.9771185269598595,0.9762308435440165,0.9786207723496377,0.9783940979674821,0.0016687531362859617
0.6070613861083984,0.015717924144866256,0.020090246200561525,0.0018517103361496332,0.6100470446168054,3.225516810152824,0.27088038326860886,3,5,565,0.02431596643145384,0.6454722959071678,0.5885553397035245,"{'clf__colsample_bytree': 0.6100470446168054, 'clf__gamma': 3.225516810152824, 'clf__learning_rate': 0.27088038326860886, 'clf__max_depth': 3, 'clf__min_child_weight': 5, 'clf__n_estimators': 565, 'clf__reg_alpha': 0.02431596643145384, 'clf__reg_lambda': 0.6454722959071678, 'clf__subsample': 0.5885553397035245}",0.787184617177254,0.7950039542938178,0.7680414159537664,0.7987019102092606,0.809204591639489,0.7916272978547175,0.013758229843395248,36,0.9134272854195042,0.9091458294317007,0.9097348351759348,0.9102271663967985,0.905650019736626,0.9096370272321128,0.0024844070440592603
0.14018602371215821,0.004028260237230476,0.01305093765258789,0.0007817924671376,0.9642751506117486,4.769642885012937,0.36679711218597494,5,9,86,0.9283185625877254,0.42818414831731433,0.9833274095218347,"{'clf__colsample_bytree': 0.9642751506117486, 'clf__gamma': 4.769642885012937, 'clf__learning_rate': 0.36679711218597494, 'clf__max_depth': 5, 'clf__min_child_weight': 9, 'clf__n_estimators': 86, 'clf__reg_alpha': 0.9283185625877254, 'clf__reg_lambda': 0.42818414831731433, 'clf__subsample': 0.9833274095218347}",0.8121388143068582,0.8102769493181013,0.7934815472001111,0.833710435273942,0.8302520841800574,0.815971966055814,0.014639127515826366,8,0.8403744730762956,0.8409641907971506,0.8442646201303672,0.8317633110684362,0.8359165230571507,0.8386566236258801,0.004353192091326161
0.2799278736114502,0.00760725569507426,0.01625485420227051,0.0020727447359164593,0.9781719862535517,4.265047277336801,0.12483506790713841,7,7,210,0.31692200515627766,0.1694927466860925,0.7784006312291751,"{'clf__colsample_bytree': 0.9781719862535517, 'clf__gamma': 4.265047277336801, 'clf__learning_rate': 0.12483506790713841, 'clf__max_depth': 7, 'clf__min_child_weight': 7, 'clf__n_estimators': 210, 'clf__reg_alpha': 0.31692200515627766, 'clf__reg_lambda': 0.1694927466860925, 'clf__subsample': 0.7784006312291751}",0.8134540198681571,0.81069469132956,0.7964219510502681,0.8286932860159201,0.8256450797490062,0.8149818056025822,0.01154895484180677,11,0.866756789537692,0.8618971561416691,0.867547642108355,0.8650563965568417,0.8647912534213765,0.8652098475531869,0.0019509487706758242
0.42711362838745115,0.005761333967149311,0.017014741897583008,0.00032611746999266464,0.9616928644964686,3.480148983374865,0.23232385633485236,10,2,337,0.6711435168240506,0.3586467812961639,0.6270818245348694,"{'clf__colsample_bytree': 0.9616928644964686, 'clf__gamma': 3.480148983374865, 'clf__learning_rate': 0.23232385633485236, 'clf__max_depth': 10, 'clf__min_child_weight': 2, 'clf__n_estimators': 337, 'clf__reg_alpha': 0.6711435168240506, 'clf__reg_lambda': 0.3586467812961639, 'clf__subsample': 0.6270818245348694}",0.7945329098892053,0.7928272333082936,0.7740956988074822,0.8073484074980918,0.8172389694584602,0.7972086437923067,0.01459173252168826,30,0.9183018670057196,0.920482908642083,0.9163122129746162,0.9182036138165057,0.9145876594344481,0.9175776523746745,0.001994904669181942
0.36081976890563966,0.008814730697764344,0.02049260139465332,0.002514616219861909,0.5771743530513632,1.6127538211930026,0.34098122002062303,11,6,225,0.5528199769079077,0.2965101436477985,0.7098904282231382,"{'clf__colsample_bytree': 0.5771743530513632, 'clf__gamma': 1.6127538211930026, 'clf__learning_rate': 0.34098122002062303, 'clf__max_depth': 11, 'clf__min_child_weight': 6, 'clf__n_estimators': 225, 'clf__reg_alpha': 0.5528199769079077, 'clf__reg_lambda': 0.2965101436477985, 'clf__subsample': 0.7098904282231382}",0.7726938037827344,0.7887638555232437,0.7583887627752061,0.7768836923442937,0.7990414258666324,0.7791543080584221,0.013899226880103912,45,0.9812472243224558,0.9794291216458932,0.9781461018459477,0.9785447073309326,0.9784015625706817,0.9791537435431822,0.001132301901956323
0.2226358413696289,0.006414379833126528,0.019350099563598632,0.002734795808176611,0.5537241661566749,3.0575685543284026,0.04182173035609374,9,9,85,0.7982951789667752,0.6499639307777652,0.8509834386288517,"{'clf__colsample_bytree': 0.5537241661566749, 'clf__gamma': 3.0575685543284026, 'clf__learning_rate': 0.04182173035609374, 'clf__max_depth': 9, 'clf__min_child_weight': 9, 'clf__n_estimators': 85, 'clf__reg_alpha': 0.7982951789667752, 'clf__reg_lambda': 0.6499639307777652, 'clf__subsample': 0.8509834386288517}",0.8168752897542884,0.8120780743704741,0.7954628812736051,0.8305469919408401,0.8283587267915027,0.816664392826142,0.012649639454753355,5,0.8582162611214922,0.8582321387328365,0.8605706518539726,0.8577852159348004,0.85604315659603,0.8581694848478264,0.0014450363976312697
0.1852952003479004,0.004733344735738445,0.01878647804260254,0.0035745849362350457,0.8774756016616606,4.450026709087831,0.14181811117209897,4,2,100,0.46559801813246016,0.5426446347075766,0.6432706260641422,"{'clf__colsample_bytree': 0.8774756016616606, 'clf__gamma': 4.450026709087831, 'clf__learning_rate': 0.14181811117209897, 'clf__max_depth': 4, 'clf__min_child_weight': 2, 'clf__n_estimators': 100, 'clf__reg_alpha': 0.46559801813246016, 'clf__reg_lambda': 0.5426446347075766, 'clf__subsample': 0.6432706260641422}",0.815504302618759,0.8099112701092575,0.7929945776623479,0.8300860436760872,0.8281976427204869,0.8153387673573878,0.013502449969193992,9,0.8521708412392219,0.8519662136822875,0.8545591141384266,0.8483802643654441,0.8475945173697801,0.8509341901590319,0.002584972092750733
1.4463163375854493,0.06777589671852173,0.06085023880004883,0.013253756551094242,0.7544999563414065,0.15250124969524714,0.024565793612193625,8,6,493,0.3266512417960409,0.8278690037875887,0.635771457909871,"{'clf__colsample_bytree': 0.7544999563414065, 'clf__gamma': 0.15250124969524714, 'clf__learning_rate': 0.024565793612193625, 'clf__max_depth': 8, 'clf__min_child_weight': 6, 'clf__n_estimators': 493, 'clf__reg_alpha': 0.3266512417960409, 'clf__reg_lambda': 0.8278690037875887, 'clf__subsample': 0.635771457909871}",0.7980335135697977,0.8038967768166819,0.7826331545713181,0.8101884435809236,0.8175090950544712,0.8024521967186384,0.011840318467647677,27,0.9799446405781248,0.9788900573778148,0.9795631420212907,0.9795089205211956,0.9788717404357921,0.9793557001868436,0.00041578832024440575
0.5336762428283691,0.04451558028303759,0.022714757919311525,0.0013337579548611006,0.9791510982344619,2.286325808068643,0.33838899925467275,6,3,318,0.969536867114159,0.7145951041799521,0.5205337583839379,"{'clf__colsample_bytree': 0.9791510982344619, 'clf__gamma': 2.286325808068643, 'clf__learning_rate': 0.33838899925467275, 'clf__max_depth': 6, 'clf__min_child_weight': 3, 'clf__n_estimators': 318, 'clf__reg_alpha': 0.969536867114159, 'clf__reg_lambda': 0.7145951041799521, 'clf__subsample': 0.5205337583839379}",0.7770298914862442,0.7833617199566638,0.7605869407904519,0.769186351966217,0.7871707689410086,0.7754671346281171,0.00961883716599605,46,0.9700370110993023,0.9698466346666963,0.9739242609299699,0.9703095458964859,0.9700537753346088,0.9708342455854126,0.0015520049328633036
0.3254612922668457,0.021449498770790935,0.02046513557434082,0.0014475884067683966,0.6392925408668767,2.16760368790371,0.300176630769655,7,5,176,0.695974206093698,0.4089529444142699,0.5866471600354228,"{'clf__colsample_bytree': 0.6392925408668767, 'clf__gamma': 2.16760368790371, 'clf__learning_rate': 0.300176630769655, 'clf__max_depth': 7, 'clf__min_child_weight': 5, 'clf__n_estimators': 176, 'clf__reg_alpha': 0.695974206093698, 'clf__reg_lambda': 0.4089529444142699, 'clf__subsample': 0.5866471600354228}",0.7831980940055882,0.7829476967168205,0.7594494394274329,0.7892896440289852,0.7922411998532896,0.7814252148064231,0.011551887593470403,42,0.9546832834776335,0.9548470165038864,0.9552944506308594,0.9535981697300264,0.948704137131441,0.9534254114947693,0.002425563317711099
0.4289880275726318,0.00927550433962747,0.019117069244384766,0.0015144055778674459,0.49386222560265164,1.2512144908229765,0.224198399235387,11,8,286,0.27993389694594284,0.9548652806631941,0.8689484583478843,"{'clf__colsample_bytree': 0.49386222560265164, 'clf__gamma': 1.2512144908229765, 'clf__learning_rate': 0.224198399235387, 'clf__max_depth': 11, 'clf__min_child_weight': 8, 'clf__n_estimators': 286, 'clf__reg_alpha': 0.27993389694594284, 'clf__reg_lambda': 0.9548652806631941, 'clf__subsample': 0.8689484583478843}",0.7956931666331977,0.7968633401014976,0.7728739380842395,0.8004800305316269,0.8042952447982236,0.794041144029757,0.011003185164700313,34,0.9714711079366216,0.9680648568668191,0.9680689585939839,0.9688474244167782,0.9688354956867571,0.9690575687001919,0.001255505907206192
0.25671777725219724,0.028291164432670178,0.018782520294189455,0.002855249068707694,0.7326124315068404,3.058603731171761,0.17364402434683807,5,5,135,0.014393488629755868,0.11607264050691624,0.5230013210108764,"{'clf__colsample_bytree': 0.7326124315068404, 'clf__gamma': 3.058603731171761, 'clf__learning_rate': 0.17364402434683807, 'clf__max_depth': 5, 'clf__min_child_weight': 5, 'clf__n_estimators': 135, 'clf__reg_alpha': 0.014393488629755868, 'clf__reg_lambda': 0.11607264050691624, 'clf__subsample': 0.5230013210108764}",0.7920933957095293,0.795554332492891,0.7737066188205671,0.8089505744505794,0.8090063343213156,0.7958622511589765,0.013032591901709535,32,0.9100955429453759,0.9050971159906755,0.9139846388941046,0.9084884378073198,0.9081294140174042,0.9091590299309761,0.00290422127515673
0.3835114002227783,0.022027562253407917,0.015436410903930664,0.0015628977012513002,0.4244372813913821,4.277302920055036,0.28442656515820924,7,7,338,0.4646738129396114,0.6497736826427634,0.5240294620985169,"{'clf__colsample_bytree': 0.4244372813913821, 'clf__gamma': 4.277302920055036, 'clf__learning_rate': 0.28442656515820924, 'clf__max_depth': 7, 'clf__min_child_weight': 7, 'clf__n_estimators': 338, 'clf__reg_alpha': 0.4646738129396114, 'clf__reg_lambda': 0.6497736826427634, 'clf__subsample': 0.5240294620985169}",0.8004011314982435,0.8039513188003738,0.7897059843971491,0.8211619861418135,0.8115613755092734,0.8053563592693708,0.010580951960883999,21,0.8618990924357356,0.8572787849863165,0.8604027201222493,0.8555127928658139,0.8525957536199823,0.8575378288060195,0.003341263357048897
0.39719057083129883,0.008562322646503941,0.014750194549560548,0.0018721481705500542,0.9694874389548316,4.433401936490238,0.11174851310326844,5,1,374,0.6839637693981411,0.6158511643899138,0.9719458022803786,"{'clf__colsample_bytree': 0.9694874389548316, 'clf__gamma': 4.433401936490238, 'clf__learning_rate': 0.11174851310326844, 'clf__max_depth': 5, 'clf__min_child_weight': 1, 'clf__n_estimators': 374, 'clf__reg_alpha': 0.6839637693981411, 'clf__reg_lambda': 0.6158511643899138, 'clf__subsample': 0.9719458022803786}",0.8163608596808302,0.8143874315436124,0.7959833067338098,0.8333102033128799,0.8305730132138502,0.8181229628969964,0.013363230160426795,4,0.8458150721439934,0.8437045890634085,0.846083364162129,0.8404152034607569,0.8435402983483822,0.8439117054357339,0.0020369228226556364
0.44034466743469236,0.007771279530716696,0.018700885772705077,0.0025432894695419854,0.9665509582751004,4.335994667775019,0.2581974030039444,6,8,429,0.12850035323391018,0.811204176736003,0.9103197378719776,"{'clf__colsample_bytree': 0.9665509582751004, 'clf__gamma': 4.335994667775019, 'clf__learning_rate': 0.2581974030039444, 'clf__max_depth': 6, 'clf__min_child_weight': 8, 'clf__n_estimators': 429, 'clf__reg_alpha': 0.12850035323391018, 'clf__reg_lambda': 0.811204176736003, 'clf__subsample': 0.9103197378719776}",0.8114619978728626,0.8097935090081045,0.792982186579962,0.8296226171948571,0.8260886804984189,0.813989798230841,0.013085001689348065,14,0.8575834802206013,0.8547719037844634,0.8566990818286093,0.8512414554661779,0.8552646907732359,0.8551121224146175,0.0021793181517599596
0.15447263717651366,0.010144107197079139,0.015347003936767578,0.001540608628030252,0.7755638020609437,4.1021342188563406,0.2640790610245373,4,3,84,0.3365542148887265,0.6557226353807422,0.6926983104827825,"{'clf__colsample_bytree': 0.7755638020609437, 'clf__gamma': 4.1021342188563406, 'clf__learning_rate': 0.2640790610245373, 'clf__max_depth': 4, 'clf__min_child_weight': 3, 'clf__n_estimators': 84, 'clf__reg_alpha': 0.3365542148887265, 'clf__reg_lambda': 0.6557226353807422, 'clf__subsample': 0.6926983104827825}",0.8063053012328967,0.8119739487652439,0.7975817563615817,0.8294367509590698,0.8212202242290269,0.8133035963095638,0.011143356985058708,15,0.8569034537444906,0.859083643411465,0.8657116246558485,0.8526349480186226,0.8521244913248698,0.8572916322310593,0.004952621771151429
0.8939589977264404,0.018418136822228155,0.030048274993896486,0.0011849340020361498,0.8089682013836739,1.7031228473212001,0.11167086601200221,9,4,550,0.34833660445319736,0.9366481518557073,0.5195931633378231,"{'clf__colsample_bytree': 0.8089682013836739, 'clf__gamma': 1.7031228473212001, 'clf__learning_rate': 0.11167086601200221, 'clf__max_depth': 9, 'clf__min_child_weight': 4, 'clf__n_estimators': 550, 'clf__reg_alpha': 0.34833660445319736, 'clf__reg_lambda': 0.9366481518557073, 'clf__subsample': 0.5195931633378231}",0.7866069679863348,0.7939874900522859,0.7622696497784475,0.7911036984902706,0.8140941127489368,0.7896123838112551,0.016597459170245396,38,0.9888223165171616,0.9878526204487215,0.9886343989872043,0.9884018662110821,0.9880842831390965,0.9883590970606532,0.0003533366286685544
0.3064929962158203,0.015103218151345792,0.015516710281372071,0.0016193824417947704,0.6507676190293472,4.8379027576012374,0.22370903446675408,7,9,241,0.5759245752580846,0.7316477552996402,0.5638448647112329,"{'clf__colsample_bytree': 0.6507676190293472, 'clf__gamma': 4.8379027576012374, 'clf__learning_rate': 0.22370903446675408, 'clf__max_depth': 7, 'clf__min_child_weight': 9, 'clf__n_estimators': 241, 'clf__reg_alpha': 0.5759245752580846, 'clf__reg_lambda': 0.7316477552996402, 'clf__subsample': 0.5638448647112329}",0.8108930258157125,0.8088204304354185,0.7870765967148763,0.8236253333201162,0.8226414813786813,0.8106113735329611,0.013200448243794046,16,0.8463213743164688,0.8474927547748625,0.8514966063537683,0.8471138825010798,0.8462794136146159,0.847740806312159,0.0019344794022903057
0.6015495777130127,0.009245429384228199,0.018375682830810546,0.001103273368247502,0.5500098695296628,2.902720061719549,0.3481754768117916,7,1,574,0.7399087604473745,0.23823615240397944,0.6888644430881474,"{'clf__colsample_bytree': 0.5500098695296628, 'clf__gamma': 2.902720061719549, 'clf__learning_rate': 0.3481754768117916, 'clf__max_depth': 7, 'clf__min_child_weight': 1, 'clf__n_estimators': 574, 'clf__reg_alpha': 0.7399087604473745, 'clf__reg_lambda': 0.23823615240397944, 'clf__subsample': 0.6888644430881474}",0.7916347472103016,0.7946271187701278,0.770234637536058,0.8017897679398092,0.8075788816304681,0.793173030617353,0.01274697823678011,35,0.9335604838628478,0.9332520709439557,0.9327433414448698,0.9275145298128397,0.9272198746894657,0.9308580601507958,0.002863712825228106
0.5251774311065673,0.006945356393260288,0.017673587799072264,0.0016823147872627635,0.7205964841183381,2.4828059534153883,0.16195105362548937,5,1,445,0.9585414968831983,0.8471431440955898,0.6774525952313604,"{'clf__colsample_bytree': 0.7205964841183381, 'clf__gamma': 2.4828059534153883, 'clf__learning_rate': 0.16195105362548937, 'clf__max_depth': 5, 'clf__min_child_weight': 1, 'clf__n_estimators': 445, 'clf__reg_alpha': 0.9585414968831983, 'clf__reg_lambda': 0.8471431440955898, 'clf__subsample': 0.6774525952313604}",0.8007680502976258,0.8001408174851683,0.7826430674372267,0.815546347604556,0.8199897897481142,0.8038176145145381,0.013193047820120311,24,0.9174060599188524,0.9188816709009546,0.9183081838524034,0.914540099432936,0.9193870367857246,0.9177046101781741,0.0017136856729982719
0.24366912841796876,0.002954105407859136,0.01664581298828125,0.001308587659692203,0.9740805310758738,3.3838495221215164,0.19818317036063057,7,5,148,0.602440925901119,0.5537030523458008,0.6063639475121145,"{'clf__colsample_bytree': 0.9740805310758738, 'clf__gamma': 3.3838495221215164, 'clf__learning_rate': 0.19818317036063057, 'clf__max_depth': 7, 'clf__min_child_weight': 5, 'clf__n_estimators': 148, 'clf__reg_alpha': 0.602440925901119, 'clf__reg_lambda': 0.5537030523458008, 'clf__subsample': 0.6063639475121145}",0.7996003560104026,0.8054189939979026,0.7842266477661356,0.8150754864738945,0.8141065038313228,0.8036855976159316,0.011284231881667241,25,0.9015840589401718,0.9055735992345287,0.8983937112974679,0.9000304260074818,0.889541199354795,0.899024598966889,0.005306313510339574
0.4903588771820068,0.016568771141900376,0.012616443634033202,0.00204074138653133,0.9677167257290141,3.9064802523560127,0.05425119478680473,7,7,447,0.5495288823237355,0.441530501373377,0.9438520913791499,"{'clf__colsample_bytree': 0.9677167257290141, 'clf__gamma': 3.9064802523560127, 'clf__learning_rate': 0.05425119478680473, 'clf__max_depth': 7, 'clf__min_child_weight': 7, 'clf__n_estimators': 447, 'clf__reg_alpha': 0.5495288823237355, 'clf__reg_lambda': 0.441530501373377, 'clf__subsample': 0.9438520913791499}",0.8169794153595185,0.8122429399120883,0.7937008693583403,0.8306238166516321,0.8294565766908871,0.8166007235944933,0.013457021273950797,6,0.8626912690641704,0.8577286248238166,0.8623789388821448,0.8572656190453174,0.8568543102374528,0.8593837524105803,0.002589780778441313
0.6050197124481201,0.02146624182843011,0.017077112197875978,0.002287651626919452,0.6105490075312472,0.5853350821380293,0.06576675600060598,3,6,568,0.4260914750469411,0.22257641757103053,0.6983258009771259,"{'clf__colsample_bytree': 0.6105490075312472, 'clf__gamma': 0.5853350821380293, 'clf__learning_rate': 0.06576675600060598, 'clf__max_depth': 3, 'clf__min_child_weight': 6, 'clf__n_estimators': 568, 'clf__reg_alpha': 0.4260914750469411, 'clf__reg_lambda': 0.22257641757103053, 'clf__subsample': 0.6983258009771259}",0.8004234441279356,0.8033067317203783,0.7848040722053152,0.816069251281238,0.8187531597260084,0.8046713318121752,0.01218872538941515,23,0.9127871466011612,0.9128224646049318,0.9120708523186043,0.9103824722649281,0.9075723268335698,0.911127052524639,0.001985525976556051
